{"cameraMode":{"drawMode":0,"name":"Shaded","section":"Shading Mode"},"sceneLighting":true,"audioPlay":false,"sceneViewState":{"m_AlwaysRefresh":false,"showFog":true,"showSkybox":true,"showFlares":true,"showImageEffects":true,"showParticleSystems":true,"showVisualEffectGraphs":true,"m_FxEnabled":true},"in2DMode":false,"pivot":{"x":3.9462766647338869,"y":0.19933199882507325,"z":-2.127051830291748},"rotation":{"x":0.16314078867435456,"y":0.07834487408399582,"z":-0.012995447032153607,"w":0.9833957552909851},"size":4.595012664794922,"orthographic":true}