{"cameraMode":{"drawMode":0,"name":"Shaded","section":"Shading Mode"},"sceneLighting":true,"audioPlay":false,"sceneViewState":{"m_AlwaysRefresh":false,"showFog":true,"showSkybox":true,"showFlares":true,"showImageEffects":true,"showParticleSystems":true,"showVisualEffectGraphs":true,"m_FxEnabled":true},"in2DMode":false,"pivot":{"x":0.6262732744216919,"y":2.1391048431396486,"z":-6.8162922859191898},"rotation":{"x":0.1506078541278839,"y":-0.22763293981552125,"z":0.035663459450006488,"w":0.9613556861877441},"size":5.095206260681152,"orthographic":true}