{"cameraMode":{"drawMode":0,"name":"Shaded","section":"Shading Mode"},"sceneLighting":true,"audioPlay":false,"sceneViewState":{"m_AlwaysRefresh":false,"showFog":true,"showSkybox":true,"showFlares":true,"showImageEffects":true,"showParticleSystems":true,"showVisualEffectGraphs":true,"m_FxEnabled":true},"in2DMode":false,"pivot":{"x":-0.7528285980224609,"y":7.489999294281006,"z":-6.52670955657959},"rotation":{"x":0.19670908153057099,"y":0.002061480190604925,"z":-0.00041244662133976817,"w":0.9804582595825195},"size":15.138729095458985,"orthographic":true}